{"pitch": [-2.936882838231169, 13.596312363467867, 164.43331974570555, 56.98906341500281], "energy": [-1.353943109512329, 7.493575572967529, 46.59650969013405, 34.41540897481785]}