{"pitch": [-2.936882838231169, 13.596312363467867, 165.84836686438246, 57.062699372325916], "energy": [-1.5235459804534912, 9.730969429016113, 45.40739596746708, 28.837317539199997]}